[
  {
    "run_id": "run_000",
    "git_sha": "15684e4e",
    "seed": 42,
    "start_date": "2023-01-10",
    "end_date": "2023-01-31",
    "universe": [
      "AAPL",
      "MSFT"
    ],
    "universe_mode": "static",
    "n_splits": 2,
    "is_ratio": 0.6,
    "sizer": "fixed",
    "train_per_split": false,
    "avg_oos_return_pct": 0.0,
    "avg_oos_sharpe": 0.0,
    "avg_oos_max_dd_pct": 0.0,
    "total_oos_trades": 0,
    "execution_costs": {
      "commission": 0.0,
      "fees": 0.0,
      "slippage": 0.0
    },
    "total_execution_costs": 0.0,
    "manifest": {
      "run_id": "run_000",
      "git_sha": "15684e4e",
      "seed": 42,
      "params": {
        "start_date": "2023-01-10",
        "end_date": "2023-01-31",
        "universe": [
          "AAPL",
          "MSFT"
        ],
        "n_splits": 2,
        "is_ratio": 0.6,
        "universe_mode": "static",
        "train_per_split": false,
        "epochs": 50,
        "batch_size": 32,
        "learning_rate": 0.0001,
        "val_split": 0.2,
        "features": [
          "close_ret_1",
          "rsi_14",
          "atr_14",
          "vwap_gap",
          "dvol_5",
          "regime_vix"
        ],
        "lookback": 32,
        "sizer": "fixed",
        "fixed_frac": 0.1,
        "vol_target": 0.2,
        "kelly_cap": 0.25,
        "proba_threshold": 0.5,
        "opt_threshold": false,
        "seed": 42
      },
      "universe": [
        "AAPL",
        "MSFT"
      ],
      "start_date": "2023-01-10",
      "end_date": "2023-01-31",
      "n_splits": 2,
      "is_ratio": 0.6,
      "sizer": "fixed",
      "sizer_params": {
        "fixed_frac": 0.1,
        "vol_target": 0.2,
        "kelly_cap": 0.25
      },
      "data_digest": "1e492fc130c6f26b"
    },
    "timing": {
      "load_data_s": 0.21111509995535016,
      "create_splits_s": 0.00019299983978271484,
      "backtest_s": 0.04708270006813109,
      "report_s": 0.22276360006071627,
      "total_s": 0.4811589999590069
    },
    "splits": [
      {
        "split": 1,
        "is_start": "2023-01-10",
        "is_end": "2023-01-13",
        "oos_start": "2023-01-16",
        "oos_end": "2023-01-19",
        "is_return_pct": 0.0,
        "oos_return_pct": 0.0,
        "is_sharpe": 0.0,
        "oos_sharpe": 0.0,
        "is_max_dd_pct": 0.0,
        "oos_max_dd_pct": 0.0,
        "oos_trades": 0,
        "proba_threshold": 0.5,
        "commission": 0.0,
        "fees": 0.0,
        "slippage": 0.0
      },
      {
        "split": 2,
        "is_start": "2023-01-20",
        "is_end": "2023-01-25",
        "oos_start": "2023-01-26",
        "oos_end": "2023-01-31",
        "is_return_pct": 0.0,
        "oos_return_pct": 0.0,
        "is_sharpe": 0.0,
        "oos_sharpe": 0.0,
        "is_max_dd_pct": 0.0,
        "oos_max_dd_pct": 0.0,
        "oos_trades": 0,
        "proba_threshold": 0.5,
        "commission": 0.0,
        "fees": 0.0,
        "slippage": 0.0
      }
    ],
    "_run_idx": 0,
    "_config": {
      "start_date": "2023-01-10",
      "end_date": "2023-01-31",
      "universe": [
        "AAPL",
        "MSFT"
      ],
      "n_splits": 2,
      "is_ratio": 0.6,
      "seed": 42,
      "sizer": "fixed",
      "proba_threshold": 0.5
    },
    "_elapsed_seconds": 0.5858230590820312,
    "_output_dir": "runs\\sweeps\\ci_smoke\\run_000",
    "_status": "success"
  },
  {
    "run_id": "run_001",
    "git_sha": "15684e4e",
    "seed": 43,
    "start_date": "2023-01-10",
    "end_date": "2023-01-31",
    "universe": [
      "AAPL",
      "MSFT"
    ],
    "universe_mode": "static",
    "n_splits": 2,
    "is_ratio": 0.6,
    "sizer": "fixed",
    "train_per_split": false,
    "avg_oos_return_pct": 0.0,
    "avg_oos_sharpe": 0.0,
    "avg_oos_max_dd_pct": 0.0,
    "total_oos_trades": 0,
    "execution_costs": {
      "commission": 0.0,
      "fees": 0.0,
      "slippage": 0.0
    },
    "total_execution_costs": 0.0,
    "manifest": {
      "run_id": "run_001",
      "git_sha": "15684e4e",
      "seed": 43,
      "params": {
        "start_date": "2023-01-10",
        "end_date": "2023-01-31",
        "universe": [
          "AAPL",
          "MSFT"
        ],
        "n_splits": 2,
        "is_ratio": 0.6,
        "universe_mode": "static",
        "train_per_split": false,
        "epochs": 50,
        "batch_size": 32,
        "learning_rate": 0.0001,
        "val_split": 0.2,
        "features": [
          "close_ret_1",
          "rsi_14",
          "atr_14",
          "vwap_gap",
          "dvol_5",
          "regime_vix"
        ],
        "lookback": 32,
        "sizer": "fixed",
        "fixed_frac": 0.1,
        "vol_target": 0.2,
        "kelly_cap": 0.25,
        "proba_threshold": 0.55,
        "opt_threshold": false,
        "seed": 43
      },
      "universe": [
        "AAPL",
        "MSFT"
      ],
      "start_date": "2023-01-10",
      "end_date": "2023-01-31",
      "n_splits": 2,
      "is_ratio": 0.6,
      "sizer": "fixed",
      "sizer_params": {
        "fixed_frac": 0.1,
        "vol_target": 0.2,
        "kelly_cap": 0.25
      },
      "data_digest": "1e492fc130c6f26b"
    },
    "timing": {
      "load_data_s": 0.21767150005325675,
      "create_splits_s": 0.00018870015628635883,
      "backtest_s": 0.045090800151228905,
      "report_s": 0.19344000006094575,
      "total_s": 0.45639619999565184
    },
    "splits": [
      {
        "split": 1,
        "is_start": "2023-01-10",
        "is_end": "2023-01-13",
        "oos_start": "2023-01-16",
        "oos_end": "2023-01-19",
        "is_return_pct": 0.0,
        "oos_return_pct": 0.0,
        "is_sharpe": 0.0,
        "oos_sharpe": 0.0,
        "is_max_dd_pct": 0.0,
        "oos_max_dd_pct": 0.0,
        "oos_trades": 0,
        "proba_threshold": 0.55,
        "commission": 0.0,
        "fees": 0.0,
        "slippage": 0.0
      },
      {
        "split": 2,
        "is_start": "2023-01-20",
        "is_end": "2023-01-25",
        "oos_start": "2023-01-26",
        "oos_end": "2023-01-31",
        "is_return_pct": 0.0,
        "oos_return_pct": 0.0,
        "is_sharpe": 0.0,
        "oos_sharpe": 0.0,
        "is_max_dd_pct": 0.0,
        "oos_max_dd_pct": 0.0,
        "oos_trades": 0,
        "proba_threshold": 0.55,
        "commission": 0.0,
        "fees": 0.0,
        "slippage": 0.0
      }
    ],
    "_run_idx": 1,
    "_config": {
      "start_date": "2023-01-10",
      "end_date": "2023-01-31",
      "universe": [
        "AAPL",
        "MSFT"
      ],
      "n_splits": 2,
      "is_ratio": 0.6,
      "seed": 42,
      "sizer": "fixed",
      "proba_threshold": 0.55
    },
    "_elapsed_seconds": 0.5520823001861572,
    "_output_dir": "runs\\sweeps\\ci_smoke\\run_001",
    "_status": "success"
  },
  {
    "run_id": "run_002",
    "git_sha": "15684e4e",
    "seed": 44,
    "start_date": "2023-01-10",
    "end_date": "2023-01-31",
    "universe": [
      "AAPL",
      "MSFT"
    ],
    "universe_mode": "static",
    "n_splits": 2,
    "is_ratio": 0.6,
    "sizer": "vol",
    "train_per_split": false,
    "avg_oos_return_pct": 0.0,
    "avg_oos_sharpe": 0.0,
    "avg_oos_max_dd_pct": 0.0,
    "total_oos_trades": 0,
    "execution_costs": {
      "commission": 0.0,
      "fees": 0.0,
      "slippage": 0.0
    },
    "total_execution_costs": 0.0,
    "manifest": {
      "run_id": "run_002",
      "git_sha": "15684e4e",
      "seed": 44,
      "params": {
        "start_date": "2023-01-10",
        "end_date": "2023-01-31",
        "universe": [
          "AAPL",
          "MSFT"
        ],
        "n_splits": 2,
        "is_ratio": 0.6,
        "universe_mode": "static",
        "train_per_split": false,
        "epochs": 50,
        "batch_size": 32,
        "learning_rate": 0.0001,
        "val_split": 0.2,
        "features": [
          "close_ret_1",
          "rsi_14",
          "atr_14",
          "vwap_gap",
          "dvol_5",
          "regime_vix"
        ],
        "lookback": 32,
        "sizer": "vol",
        "fixed_frac": 0.1,
        "vol_target": 0.2,
        "kelly_cap": 0.25,
        "proba_threshold": 0.5,
        "opt_threshold": false,
        "seed": 44
      },
      "universe": [
        "AAPL",
        "MSFT"
      ],
      "start_date": "2023-01-10",
      "end_date": "2023-01-31",
      "n_splits": 2,
      "is_ratio": 0.6,
      "sizer": "vol",
      "sizer_params": {
        "fixed_frac": 0.1,
        "vol_target": 0.2,
        "kelly_cap": 0.25
      },
      "data_digest": "1e492fc130c6f26b"
    },
    "timing": {
      "load_data_s": 0.01009720005095005,
      "create_splits_s": 0.00018249987624585629,
      "backtest_s": 0.04045949992723763,
      "report_s": 0.0667147000785917,
      "total_s": 0.11745840008370578
    },
    "splits": [
      {
        "split": 1,
        "is_start": "2023-01-10",
        "is_end": "2023-01-13",
        "oos_start": "2023-01-16",
        "oos_end": "2023-01-19",
        "is_return_pct": 0.0,
        "oos_return_pct": 0.0,
        "is_sharpe": 0.0,
        "oos_sharpe": 0.0,
        "is_max_dd_pct": 0.0,
        "oos_max_dd_pct": 0.0,
        "oos_trades": 0,
        "proba_threshold": 0.5,
        "commission": 0.0,
        "fees": 0.0,
        "slippage": 0.0
      },
      {
        "split": 2,
        "is_start": "2023-01-20",
        "is_end": "2023-01-25",
        "oos_start": "2023-01-26",
        "oos_end": "2023-01-31",
        "is_return_pct": 0.0,
        "oos_return_pct": 0.0,
        "is_sharpe": 0.0,
        "oos_sharpe": 0.0,
        "is_max_dd_pct": 0.0,
        "oos_max_dd_pct": 0.0,
        "oos_trades": 0,
        "proba_threshold": 0.5,
        "commission": 0.0,
        "fees": 0.0,
        "slippage": 0.0
      }
    ],
    "_run_idx": 2,
    "_config": {
      "start_date": "2023-01-10",
      "end_date": "2023-01-31",
      "universe": [
        "AAPL",
        "MSFT"
      ],
      "n_splits": 2,
      "is_ratio": 0.6,
      "seed": 42,
      "sizer": "vol",
      "proba_threshold": 0.5
    },
    "_elapsed_seconds": 0.180466890335083,
    "_output_dir": "runs\\sweeps\\ci_smoke\\run_002",
    "_status": "success"
  },
  {
    "run_id": "run_003",
    "git_sha": "15684e4e",
    "seed": 45,
    "start_date": "2023-01-10",
    "end_date": "2023-01-31",
    "universe": [
      "AAPL",
      "MSFT"
    ],
    "universe_mode": "static",
    "n_splits": 2,
    "is_ratio": 0.6,
    "sizer": "vol",
    "train_per_split": false,
    "avg_oos_return_pct": 0.0,
    "avg_oos_sharpe": 0.0,
    "avg_oos_max_dd_pct": 0.0,
    "total_oos_trades": 0,
    "execution_costs": {
      "commission": 0.0,
      "fees": 0.0,
      "slippage": 0.0
    },
    "total_execution_costs": 0.0,
    "manifest": {
      "run_id": "run_003",
      "git_sha": "15684e4e",
      "seed": 45,
      "params": {
        "start_date": "2023-01-10",
        "end_date": "2023-01-31",
        "universe": [
          "AAPL",
          "MSFT"
        ],
        "n_splits": 2,
        "is_ratio": 0.6,
        "universe_mode": "static",
        "train_per_split": false,
        "epochs": 50,
        "batch_size": 32,
        "learning_rate": 0.0001,
        "val_split": 0.2,
        "features": [
          "close_ret_1",
          "rsi_14",
          "atr_14",
          "vwap_gap",
          "dvol_5",
          "regime_vix"
        ],
        "lookback": 32,
        "sizer": "vol",
        "fixed_frac": 0.1,
        "vol_target": 0.2,
        "kelly_cap": 0.25,
        "proba_threshold": 0.55,
        "opt_threshold": false,
        "seed": 45
      },
      "universe": [
        "AAPL",
        "MSFT"
      ],
      "start_date": "2023-01-10",
      "end_date": "2023-01-31",
      "n_splits": 2,
      "is_ratio": 0.6,
      "sizer": "vol",
      "sizer_params": {
        "fixed_frac": 0.1,
        "vol_target": 0.2,
        "kelly_cap": 0.25
      },
      "data_digest": "1e492fc130c6f26b"
    },
    "timing": {
      "load_data_s": 0.008895699866116047,
      "create_splits_s": 0.00016359984874725342,
      "backtest_s": 0.04288799990899861,
      "report_s": 0.06340730004012585,
      "total_s": 0.11535930004902184
    },
    "splits": [
      {
        "split": 1,
        "is_start": "2023-01-10",
        "is_end": "2023-01-13",
        "oos_start": "2023-01-16",
        "oos_end": "2023-01-19",
        "is_return_pct": 0.0,
        "oos_return_pct": 0.0,
        "is_sharpe": 0.0,
        "oos_sharpe": 0.0,
        "is_max_dd_pct": 0.0,
        "oos_max_dd_pct": 0.0,
        "oos_trades": 0,
        "proba_threshold": 0.55,
        "commission": 0.0,
        "fees": 0.0,
        "slippage": 0.0
      },
      {
        "split": 2,
        "is_start": "2023-01-20",
        "is_end": "2023-01-25",
        "oos_start": "2023-01-26",
        "oos_end": "2023-01-31",
        "is_return_pct": 0.0,
        "oos_return_pct": 0.0,
        "is_sharpe": 0.0,
        "oos_sharpe": 0.0,
        "is_max_dd_pct": 0.0,
        "oos_max_dd_pct": 0.0,
        "oos_trades": 0,
        "proba_threshold": 0.55,
        "commission": 0.0,
        "fees": 0.0,
        "slippage": 0.0
      }
    ],
    "_run_idx": 3,
    "_config": {
      "start_date": "2023-01-10",
      "end_date": "2023-01-31",
      "universe": [
        "AAPL",
        "MSFT"
      ],
      "n_splits": 2,
      "is_ratio": 0.6,
      "seed": 42,
      "sizer": "vol",
      "proba_threshold": 0.55
    },
    "_elapsed_seconds": 0.17374849319458008,
    "_output_dir": "runs\\sweeps\\ci_smoke\\run_003",
    "_status": "success"
  }
]