rank,run_idx,avg_oos_sharpe,avg_oos_return_pct,avg_oos_max_dd_pct,total_oos_trades,elapsed_seconds,end_date,is_ratio,n_splits,proba_threshold,seed,sizer,start_date,universe
1,0,0.0,0.0,0.0,0,0.5858230590820312,2023-01-31,0.6,2,0.5,42,fixed,2023-01-10,"['AAPL', 'MSFT']"
2,1,0.0,0.0,0.0,0,0.5520823001861572,2023-01-31,0.6,2,0.55,42,fixed,2023-01-10,"['AAPL', 'MSFT']"
3,2,0.0,0.0,0.0,0,0.180466890335083,2023-01-31,0.6,2,0.5,42,vol,2023-01-10,"['AAPL', 'MSFT']"
4,3,0.0,0.0,0.0,0,0.17374849319458008,2023-01-31,0.6,2,0.55,42,vol,2023-01-10,"['AAPL', 'MSFT']"
