{
  "name": "ci_smoke",
  "metric": "sharpe",
  "mode": "max",
  "total_runs": 4,
  "workers": 2,
  "fixed_args": {
    "start_date": "2023-01-10",
    "end_date": "2023-01-31",
    "universe": [
      "AAPL",
      "MSFT"
    ],
    "n_splits": 2,
    "is_ratio": 0.6,
    "seed": 42
  },
  "grid": {
    "sizer": [
      "fixed",
      "vol"
    ],
    "proba_threshold": [
      0.5,
      0.55
    ]
  },
  "python": "3.13.5",
  "os": "Windows-11-10.0.26200-SP0",
  "timestamp_utc": "2026-01-05T19:23:47.384396+00:00"
}