{
  "run_id": "run_001",
  "git_sha": "15684e4e",
  "seed": 43,
  "params": {
    "start_date": "2023-01-10",
    "end_date": "2023-01-31",
    "universe": [
      "AAPL",
      "MSFT"
    ],
    "n_splits": 2,
    "is_ratio": 0.6,
    "universe_mode": "static",
    "train_per_split": false,
    "epochs": 50,
    "batch_size": 32,
    "learning_rate": 0.0001,
    "val_split": 0.2,
    "features": [
      "close_ret_1",
      "rsi_14",
      "atr_14",
      "vwap_gap",
      "dvol_5",
      "regime_vix"
    ],
    "lookback": 32,
    "sizer": "fixed",
    "fixed_frac": 0.1,
    "vol_target": 0.2,
    "kelly_cap": 0.25,
    "proba_threshold": 0.55,
    "opt_threshold": false,
    "seed": 43
  },
  "universe": [
    "AAPL",
    "MSFT"
  ],
  "start_date": "2023-01-10",
  "end_date": "2023-01-31",
  "n_splits": 2,
  "is_ratio": 0.6,
  "sizer": "fixed",
  "sizer_params": {
    "fixed_frac": 0.1,
    "vol_target": 0.2,
    "kelly_cap": 0.25
  },
  "data_digest": "1e492fc130c6f26b"
}